{"cameraMode":{"drawMode":0,"name":"Shaded","section":"Shading Mode"},"sceneLighting":false,"audioPlay":false,"sceneViewState":{"m_AlwaysRefresh":false,"showFog":true,"showSkybox":false,"showFlares":true,"showImageEffects":true,"showParticleSystems":true,"showVisualEffectGraphs":true,"m_FxEnabled":false},"in2DMode":false,"pivot":{"x":-1.6658238172531129,"y":8.72375774383545,"z":-0.5044636130332947},"rotation":{"x":0.09985004365444184,"y":-0.16340889036655427,"z":0.016626475378870965,"w":0.9813529253005981},"size":0.7754411101341248,"orthographic":false}