{"cameraMode":{"drawMode":0,"name":"Shaded","section":"Shading Mode"},"sceneLighting":false,"audioPlay":false,"sceneViewState":{"m_AlwaysRefresh":false,"showFog":true,"showSkybox":false,"showFlares":true,"showImageEffects":true,"showParticleSystems":true,"showVisualEffectGraphs":true,"m_FxEnabled":false},"in2DMode":false,"pivot":{"x":0.5908889174461365,"y":-0.1910780668258667,"z":1.1903579235076905},"rotation":{"x":0.1489323526620865,"y":-0.6537730693817139,"z":0.13341832160949708,"w":0.7297983169555664},"size":0.7191181778907776,"orthographic":false}